Time(s),MC SW Overview - Actual Position(mm),MC SW Force Control - Measured Force(N),MC SW Force Control - Actual Acceleration(m/s^2),MC SW Overview - Actual Velocity(m/s),
0,-0.3215,-5.1,-4.75,0.005955,
0.005,-0.2214,-4.3,9.945,0.034222,
0.01,-0.1477,-5.3,-15.643,-0.013599,
0.015,-0.1568,-5.2,8.585,0.007644,
0.02,-0.1605,-4.8,-3.407,-0.003822,
0.025,-0.1611,-5,3.087,0.001066,
0.03,-0.1611,-5.2,-2.93,-0.001066,
0.035,-0.1611,-5,4.303,0.002133,
0.04,-0.1623,-5.2,-1.957,-0.002666,
0.045,-0.1666,-5.2,1.054,-0.002222,
0.05,-0.1672,-5.1,-1.382,-0.003288,
0.055,-0.1641,-5.1,3.385,0.002755,
0.06,-0.1727,-5.2,-3.424,-0.003822,
0.065,-0.1817,-5.2,7.724,0.001155,
0.07,-0.1952,-5.2,-1.328,-0.003288,
0.075,-0.2019,-5.2,-0.721,-0.001066,
0.08,-0.2452,-5.4,-6.153,-0.012977,
0.085,-0.3325,-5.3,3.635,-0.018488,
0.09,-0.4619,-5.3,-3.087,-0.030399,
0.095,-0.6084,-5.2,-2.505,-0.032533,
0.1,-0.7762,-5.2,-2.164,-0.036355,
0.105,-0.949,-5.1,-2.943,-0.035288,
0.11,-1.1174,-5.1,-3.195,-0.035822,
0.115,-1.2682,-5,5.821,-0.029866,
0.12,-1.4214,-5.1,-2.158,-0.034222,
0.125,-1.5703,-5.1,1.35,-0.033066,
0.13,-1.7284,-5.2,-2.335,-0.035822,
0.135,-1.884,-5.1,0.042,-0.032533,
0.14,-2.0574,-5.2,-2.203,-0.037511,
0.145,-2.2441,-5.2,1.136,-0.040711,
0.15,-2.4492,-5.2,-7.366,-0.0488,
0.155,-2.6579,-5.2,4.74,-0.041155,
0.16,-2.8789,-5.2,-4.424,-0.046666,
0.165,-3.1102,-5.2,-0.115,-0.047733,
0.17,-3.3531,-5.2,-3.124,-0.052088,
0.175,-3.5942,-5.1,5.646,-0.047733,
0.18,-3.8445,-5.2,-4.092,-0.052622,
0.185,-4.0929,-5.1,2.302,-0.048266,
0.19,-4.3553,-5.2,-5.692,-0.054755,
0.195,-4.6214,-5.2,-2.111,-0.055822,
0.2,-4.9046,-5.2,-7.519,-0.059644,
0.205,-5.1897,-5.1,3.863,-0.054844,
0.21,-5.4857,-5.1,-5.907,-0.060266,
0.215,-5.7829,-5.1,0.486,-0.059111,
0.22,-6.0887,-5.1,-3.665,-0.061866,
0.225,-6.4055,-5.2,4.704,-0.061333,
0.23,-6.7272,-5.2,-3.272,-0.066222,
0.235,-7.0525,-5.2,2.039,-0.064622,
0.24,-7.3869,-5.2,-2.472,-0.067822,
0.245,-7.7294,-5.2,2.082,-0.068977,
0.25,-8.0827,-5.2,-3.183,-0.073244,
0.255,-8.4404,-5.2,0.013,-0.071022,
0.26,-8.8133,-5.2,-3.239,-0.077511,
0.265,-9.1979,-5.2,0.177,-0.080355,
0.27,-9.5867,-5.2,-3.073,-0.080355,
0.275,-9.9791,-5.2,2.301,-0.078133,
0.28,-10.3819,-5.2,-4.408,-0.084622,
0.285,-10.7854,-5.2,1.953,-0.081955,
0.29,-11.1968,-5.2,-3.188,-0.085777,
0.295,-11.6118,-5.1,3.279,-0.082488,
0.3,-12.039,-5.2,-1.833,-0.088355,
0.305,-12.4681,-5.2,3.183,-0.086755,
0.31,-12.8941,-5.2,-2.816,-0.085688,
0.315,-13.3336,-5.2,1.393,-0.089511,
0.32,-13.7779,-5.2,-3.774,-0.087822,
0.325,-14.2247,-5.2,-1.032,-0.0928,
0.33,-14.6666,-5.3,-5.214,-0.088444,
0.335,-15.1189,-5.2,0.854,-0.088977,
0.34,-15.5773,-5.3,-4.329,-0.095555,
0.345,-16.0417,-5.3,0.653,-0.090577,
0.35,-16.5117,-5.2,1.093,-0.094933,
0.355,-16.9804,-5.3,0.814,-0.094933,
0.36,-17.451,-5.2,-1.724,-0.093333,
0.365,-17.9289,-5.2,-0.481,-0.095466,
0.37,-18.4013,-5.2,1.919,-0.092711,
0.375,-18.8786,-5.2,0.184,-0.093244,
0.38,-19.3596,-5.3,-0.64,-0.096,
0.385,-19.832,-5.2,1.072,-0.0944,
0.39,-20.3014,-5.3,1.316,-0.0928,
0.395,-20.7774,-5.2,-0.6,-0.094933,
0.4,-21.2566,-5.2,-1.427,-0.097155,
0.405,-21.74,-5.3,1.141,-0.093333,
0.41,-22.2344,-5.3,-3.944,-0.102577,
0.415,-22.7208,-5.2,-0.703,-0.097688,
0.42,-23.2121,-5.2,-0.838,-0.099288,
0.425,-23.6968,-5.2,3.76,-0.0944,
0.43,-24.1838,-5.2,-0.23,-0.096533,
0.435,-24.6666,-5.3,2.615,-0.094933,
0.44,-25.1549,-5.3,-3.23,-0.100888,
0.445,-25.6389,-5.3,4.175,-0.095466,
0.45,-26.1272,-5.3,-2.168,-0.097688,
0.455,-26.613,-5.3,1.52,-0.097066,
0.46,-27.105,-5.3,0.706,-0.101511,
0.465,-27.5981,-5.3,0.824,-0.099288,
0.47,-28.0998,-5.3,-0.381,-0.100355,
0.475,-28.6089,-5.3,2.703,-0.099822,
0.48,-29.1234,-5.3,-1.028,-0.105244,
0.485,-29.6373,-5.3,3.43,-0.103644,
0.49,-30.15,-5.3,-0.874,-0.103644,
0.495,-30.6694,-5.3,-2.533,-0.105244,
0.5,-31.1913,-5.2,-1.78,-0.107999,
0.505,-31.7168,-5.2,0.383,-0.105777,
0.51,-32.2429,-5.2,0.938,-0.105777,
0.515,-32.7654,-5.2,-1.196,-0.104711,
0.52,-33.2903,-5.3,0.761,-0.104177,
0.525,-33.8158,-5.2,0.492,-0.107999,
0.53,-34.3382,-5.2,2.39,-0.100888,
0.535,-34.8613,-5.3,1.184,-0.103644,
0.54,-35.3789,-5.3,-1.794,-0.102044,
0.545,-35.9026,-5.3,-1.326,-0.105866,
0.55,-36.422,-5.2,-2.19,-0.104177,
0.555,-36.9408,-5.2,-0.552,-0.101511,
0.56,-37.4596,-5.2,0.6,-0.102044,
0.565,-37.9741,-5.2,-1.266,-0.104177,
0.57,-38.4874,-5.2,1.751,-0.102488,
0.575,-38.9983,-5.2,-1.734,-0.103644,
0.58,-39.5073,-5.2,-0.17,-0.101955,
0.585,-40.0176,-5.2,-3.062,-0.104177,
0.59,-40.5223,-5.2,4.723,-0.098755,
0.595,-41.0301,-5.1,3.023,-0.103022,
0.6,-41.5263,-5.1,3.389,-0.098133,
0.605,-42.0213,-5.2,-1.9,-0.097066,
0.61,-42.5127,-5.1,3.935,-0.093866,
0.615,-42.9949,-5.2,7.552,-0.093866,
0.62,-43.4715,-5.2,-4.743,-0.093244,
0.625,-43.9482,-5.2,3.023,-0.092177,
0.63,-44.4212,-5.2,-2.326,-0.098666,
0.635,-44.8863,-5.2,3.264,-0.0976,
0.64,-45.3484,-5.2,-0.747,-0.0928,
0.645,-45.8135,-5.2,-1.32,-0.0944,
0.65,-46.2755,-5.2,3.24,-0.091111,
0.655,-46.7326,-5.2,-2.615,-0.092177,
0.66,-47.1855,-5.2,1.797,-0.090044,
0.665,-47.636,-5.2,-1.309,-0.092266,
0.67,-48.0815,-5.2,5.215,-0.088444,
0.675,-48.5259,-5.2,1.413,-0.086844,
0.68,-48.972,-5.2,1.01,-0.090577,
0.685,-49.4103,-5.2,-5.197,-0.090666,
0.69,-49.8412,-5.2,-0.805,-0.087911,
0.695,-50.2721,-5.2,-1.122,-0.086844,
0.7,-50.695,-5.2,0.32,-0.084088,
0.705,-51.1138,-5.2,-2.516,-0.086844,
0.71,-51.5306,-5.2,2.898,-0.082488,
0.715,-51.9524,-5.2,-0.642,-0.084088,
0.72,-52.3595,-5.2,-0.169,-0.0792,
0.725,-52.766,-5.2,-4.095,-0.080888,
0.73,-53.17,-5.1,0.862,-0.081866,
0.735,-53.5594,-5.2,-4.104,-0.080266,
0.74,-53.9525,-5.2,2.43,-0.0808,
0.745,-54.3309,-5.2,2.495,-0.072177,
0.75,-54.7136,-5.2,0.787,-0.076533,
0.755,-55.0884,-5.2,-3.094,-0.072711,
0.76,-55.457,-5.2,3.862,-0.068355,
0.765,-55.822,-5.2,-0.574,-0.074311,
0.77,-56.1742,-5.2,3.311,-0.068355,
0.775,-56.5202,-5.2,-0.146,-0.067733,
0.78,-56.8511,-5.2,-0.48,-0.065688,
0.785,-57.1745,-5.2,-1.615,-0.063999,
0.79,-57.4956,-5.2,3.222,-0.060799,
0.795,-57.8172,-5.2,2.072,-0.062311,
0.8,-58.1279,-5.2,0.149,-0.059111,
0.805,-58.4361,-5.2,-1.851,-0.061777,
0.81,-58.7309,-5.1,1.194,-0.058044,
0.815,-59.0172,-5.2,-1.457,-0.058044,
0.82,-59.2888,-5.2,1.951,-0.049333,
0.825,-59.5604,-5.2,-0.87,-0.052622,
0.83,-59.8192,-5.2,-0.127,-0.051022,
0.835,-60.0737,-5.2,0.696,-0.049333,
0.84,-60.3258,-5.2,6.216,-0.048266,
0.845,-60.5705,-5.2,-0.9,-0.0504,
0.85,-60.8037,-5.2,-2.57,-0.046666,
0.855,-61.0399,-5.2,0.898,-0.0488,
0.86,-61.2492,-5.2,1.083,-0.040622,
0.865,-61.4617,-5.2,-5.173,-0.042933,
0.87,-61.6588,-5.2,1.145,-0.037955,
0.875,-61.8547,-5.2,-1.411,-0.037955,
0.88,-62.0415,-5.2,3.927,-0.036355,
0.885,-62.2203,-5.2,-1.026,-0.033066,
0.89,-62.3876,-5.2,-0.214,-0.033688,
0.895,-62.5438,-5.2,-4.036,-0.030399,
0.9,-62.6946,-5.3,-1.986,-0.030933,
0.905,-62.8392,-5.2,-5.527,-0.027111,
0.91,-62.9857,-5.2,-1.664,-0.028177,
0.915,-63.1304,-5.3,-7.205,-0.029333,
0.92,-63.2622,-5.4,3.297,-0.026577,
0.925,-63.3891,-5.7,-1.129,-0.026577,
0.93,-63.4898,-6.7,5.322,-0.016266,
0.935,-63.5625,-6.6,-2.108,-0.011911,
0.94,-63.6211,-6.4,6.157,-0.010311,
0.945,-63.6864,-6.6,-3.018,-0.014133,
0.95,-63.7608,-6.6,2.397,-0.012444,
0.955,-63.8353,-6.7,-6.119,-0.015199,
0.96,-63.9104,-6.8,0.609,-0.011377,
0.965,-63.9745,-6.6,-5.371,-0.014133,
0.97,-64.0306,-6.6,0.73,-0.008622,
0.975,-64.0794,-6.6,-4.017,-0.010844,
0.98,-64.1033,-6.6,5.258,-0.002755,
0.985,-64.1216,-6.5,-4.033,-0.004888,
0.99,-64.1197,-6.6,1.576,0.001155,
0.995,-64.1252,-6.5,1.337,0,
1,-64.1264,-6.6,-2.33,-0.000533,
1.005,-64.1692,-6.7,-5.417,-0.011377,
1.01,-64.298,-6.6,-7.347,-0.033155,
1.015,-64.5189,-6.6,-3.052,-0.052088,
1.02,-64.8375,-6.6,-0.153,-0.071111,
1.025,-65.2422,-6.7,-1.626,-0.087911,
1.03,-65.7189,-6.9,0.118,-0.096088,
1.035,-66.2731,-7.3,-4.555,-0.115644,
1.04,-66.8657,-7.4,-2.636,-0.122044,
1.045,-67.4877,-7.3,1.634,-0.124799,
1.05,-68.1188,-8,1.035,-0.127555,
1.055,-68.7492,-9.1,0.187,-0.125866,
1.06,-69.3614,-10.5,1.646,-0.120977,
1.065,-69.9272,-11.9,-1.811,-0.112799,
1.07,-70.4363,-21,6.531,-0.0928,
1.075,-70.7048,-33.4,14.564,-0.027111,
1.08,-70.7073,-32.9,-0.048,0.008622,
1.085,-70.6908,-31.5,-1.479,0.0032,
1.09,-70.7054,-32.3,-1.846,-0.0032,
1.095,-70.7256,-33.7,-1.587,-0.004888,
1.1,-70.7274,-34.1,-1.484,-0.000533,
1.105,-70.7158,-33.9,4.417,0.003288,
1.11,-70.7054,-33.1,2.056,0.001066,
1.115,-70.6548,-29.6,2.298,0.014044,
1.12,-70.5461,-23.6,1.368,0.025511,
1.125,-70.4143,-17.8,3.245,0.027644,
1.13,-70.2507,-13.6,-0.21,0.035288,
1.135,-70.0353,-11.6,6.117,0.0488,
1.14,-69.6971,-10.7,2.761,0.079733,
1.145,-69.2082,-9.7,9.012,0.110133,
1.15,-68.5851,-9.1,2.489,0.130755,
1.155,-67.888,-8.2,2.536,0.143288,
1.16,-67.1629,-7.3,0.622,0.145422,
1.165,-66.4568,-6.6,-4.77,0.136711,
1.17,-65.8226,-6.2,-5.286,0.117777,
1.175,-65.3026,-6.4,-0.589,0.096,
1.18,-64.9053,-6.6,-1.877,0.069955,
1.185,-64.6288,-6.6,-5.873,0.048266,
1.19,-64.4597,-6.4,-6.435,0.023911,
1.195,-64.3889,-6.5,-5.329,0.008177,
1.2,-64.3907,-6.4,4.199,0.000533,
1.205,-64.3932,-6.4,2.299,0.0016,
1.21,-64.3926,-6.4,-5.68,0.002133,
1.215,-64.3938,-6.4,-0.461,0.001066,
1.22,-64.3938,-6.4,-3.497,0.001066,
1.225,-64.3926,-6.4,-1.134,0.002666,
1.23,-64.3932,-6.5,1.14,0.0016,
1.235,-64.395,-6.4,2.954,0.001066,
1.24,-64.395,-6.4,-1.948,-0.001066,
1.245,-64.3907,-6.4,-0.927,0.003822,
1.25,-64.395,-6.5,-1.861,0,
1.255,-64.3938,-6.4,0.464,0.001066,
1.26,-64.395,-6.5,2.467,-0.000533,
1.265,-64.3926,-6.4,-0.444,0.001066,
1.27,-64.395,-6.4,2.679,0,
1.275,-64.395,-6.5,-1.116,-0.001066,
1.28,-64.3938,-6.5,-1.192,0.001066,
1.285,-64.3907,-6.4,-0.667,0.002755,
1.29,-64.395,-6.5,1.899,0,
1.295,-64.395,-6.5,1.247,0,
1.3,-64.3938,-6.5,-2.871,0.001066,
1.305,-64.3932,-6.5,0.031,0.0016,
1.31,-64.395,-6.5,1.217,-0.002133,
1.315,-64.3938,-6.5,-1.899,-0.001066,
1.32,-64.3956,-6.5,-2.687,-0.0016,
1.325,-64.3956,-6.4,-0.148,-0.000533,
1.33,-64.3944,-6.4,-0.329,-0.000533,
1.335,-64.3938,-6.5,0.361,0.001066,
1.34,-64.3926,-6.4,0.757,0.001066,
1.345,-64.3926,-6.4,-2.328,-0.001688,
1.35,-64.395,-6.4,-1.286,-0.002133,
1.355,-64.3938,-6.5,0.773,0.001066,
1.36,-64.3926,-6.5,-0.225,0.001066,
1.365,-64.3895,-6.4,3.57,0.004888,
1.37,-64.3956,-6.4,0.012,-0.000533,
1.375,-64.3938,-6.5,-0.658,0.001066,
1.38,-64.3938,-6.4,0.116,0,
1.385,-64.3938,-6.4,-0.337,0.001066,
1.39,-64.3938,-6.4,-2.212,-0.001066,
1.395,-64.395,-6.4,1.076,0,
1.4,-64.3938,-6.5,0.81,0,
1.405,-64.3883,-6.4,-2.705,0.001066,
1.41,-64.3907,-6.4,-3.677,0.002755,
1.415,-64.3883,-6.5,0.564,0.004355,
1.42,-64.3926,-6.4,1.847,0.002133,
1.425,-64.395,-6.4,-1.755,0,
1.43,-64.3938,-6.4,-0.632,0.001066,
1.435,-64.3895,-6.4,-2.054,0.003822,
1.44,-64.3938,-6.5,4.046,0,
1.445,-64.3938,-6.4,0.219,-0.001066,
1.45,-64.395,-6.4,-1.974,0,
1.455,-64.3907,-6.4,1.136,0.003822,
1.46,-64.3926,-6.5,0.297,0.002133,
1.465,-64.3907,-6.5,-4.595,0.001688,
1.47,-64.3938,-6.4,-4.615,0,
1.475,-64.3956,-6.4,-0.869,-0.005422,
1.48,-64.395,-6.4,-2.205,0,
1.485,-64.3932,-6.5,0.028,0.0016,
1.49,-64.3938,-6.4,-0.372,0.001066,
1.495,-64.395,-6.5,0.406,0,
1.5,-64.3938,-6.5,1.656,-0.001066,
1.505,-64.3938,-6.5,-1.155,0.001066,
1.51,-64.395,-6.4,0.665,0,
1.515,-64.395,-6.5,-1.756,0,
1.52,-64.395,-6.4,-0.655,-0.001066,
1.525,-64.3962,-6.5,-2.203,-0.0032,
1.53,-64.395,-6.4,-0.235,-0.001066,
1.535,-64.395,-6.5,0.94,0,
1.54,-64.395,-6.4,0.826,0,
1.545,-64.3926,-6.4,2.11,0.002133,
1.55,-64.395,-6.5,-0.299,0,
1.555,-64.3956,-6.5,-2.442,-0.002666,
1.56,-64.3926,-6.5,0.724,0.002133,
1.565,-64.3895,-6.4,0.54,0.004888,
1.57,-64.3938,-6.4,-1.186,0.001066,
1.575,-64.395,-6.5,1.898,-0.001066,
1.58,-64.395,-6.5,-5.053,-0.003822,
1.585,-64.3907,-6.4,0.657,0.001688,
1.59,-64.3883,-6.5,6.418,0.004888,
1.595,-64.3907,-6.5,-0.916,0.001688,
1.6,-64.3907,-6.4,1.493,0.002755,
1.605,-64.3926,-6.4,-0.693,0.001066,
1.61,-64.3938,-6.5,0.381,0.001066,
1.615,-64.3938,-6.4,1.35,0,
1.62,-64.3938,-6.5,-2.584,0,
1.625,-64.3944,-6.5,-1.262,-0.000533,
1.63,-64.3895,-6.4,-1.144,0.004355,
1.635,-64.395,-6.4,-2.96,0,
1.64,-64.395,-6.5,0.963,0,
1.645,-64.3907,-6.5,0.732,0.003822,
1.65,-64.395,-6.4,0.825,0.001066,
1.655,-64.395,-6.4,1.936,0,
1.66,-64.395,-6.4,0.491,0,
1.665,-64.395,-6.4,3.164,-0.001066,
1.67,-64.395,-6.4,-2.07,0,
1.675,-64.3926,-6.5,1.661,0.001066,
1.68,-64.395,-6.5,0.47,-0.002133,
1.685,-64.395,-6.4,1.653,-0.000533,
1.69,-64.395,-6.4,-0.857,-0.001066,
1.695,-64.395,-6.4,-1.298,-0.002133,
1.7,-64.3974,-6.5,-3.388,-0.002133,
1.705,-64.4145,-6.5,1.777,-0.005422,
1.71,-64.4701,-6.6,-2.46,-0.017955,
1.715,-64.6202,-6.6,-2.551,-0.037955,
1.72,-64.8815,-6.7,-4.953,-0.059733,
1.725,-65.2501,-6.8,-3.501,-0.081955,
1.73,-65.7182,-7.1,-4.619,-0.100888,
1.735,-66.2724,-7.3,-5.227,-0.115555,
1.74,-66.8822,-7.1,-1.364,-0.125333,
1.745,-67.5169,-7.6,1.812,-0.126399,
1.75,-68.159,-8.5,-0.268,-0.130755,
1.755,-68.7865,-9.9,-0.682,-0.123199,
1.76,-69.3865,-11.3,0.94,-0.118311,
1.765,-69.9449,-12.7,4.034,-0.105244,
1.77,-70.4418,-21.5,4.537,-0.090133,
1.775,-70.706,-33.8,12.404,-0.024888,
1.78,-70.7103,-33.4,0.498,0.005422,
1.785,-70.6957,-32,-0.812,0,
1.79,-70.7109,-32.8,-6.18,-0.007022,
1.795,-70.7292,-34.3,0.123,-0.004355,
1.8,-70.7274,-34.7,-0.639,0.002666,
1.805,-70.7237,-34.5,-4.881,-0.001066,
1.81,-70.7054,-33.5,0.646,0.002755,
1.815,-70.6548,-29.9,0.892,0.014044,
1.82,-70.548,-23.9,1.403,0.023822,
1.825,-70.4155,-18.2,-0.384,0.026577,
1.83,-70.2556,-13.9,-1.499,0.0336,
1.835,-70.0359,-12,4.848,0.0504,
1.84,-69.6983,-11,7.715,0.078666,
1.845,-69.2082,-10.2,4.431,0.107466,
1.85,-68.5857,-9.4,2.977,0.131288,
1.855,-67.8868,-8.6,2.337,0.143288,
1.86,-67.1629,-7.7,-1.412,0.143822,
1.865,-66.4549,-6.9,-3.991,0.1384,
1.87,-65.8214,-6.3,-3.529,0.121511,
1.875,-65.3008,-6.2,-5.609,0.0944,
1.88,-64.9095,-6.6,-6.214,0.068888,
1.885,-64.6324,-6.7,-2.598,0.0472,
1.89,-64.464,-6.5,-5.276,0.029777,
1.895,-64.3993,-6.5,-5.963,0.002666,
1.9,-64.3956,-6.3,3.187,0,
1.905,-64.3968,-6.5,0.333,0,
1.91,-64.3999,-6.4,-1.59,-0.000533,
1.915,-64.3956,-6.4,2.16,0.0016,
1.92,-64.3956,-6.4,-0.658,0,
1.925,-64.3944,-6.4,0.334,-0.003822,
1.93,-64.3993,-6.4,0.31,-0.003288,
1.935,-64.3883,-6.4,6.206,0.010311,
1.94,-64.395,-6.4,-1.492,0.001066,
1.945,-64.395,-6.5,-2.251,-0.001066,
1.95,-64.395,-6.4,0.886,0.000533,
1.955,-64.3956,-6.4,-0.286,-0.000533,
1.96,-64.3956,-6.4,-1.05,-0.000533,
1.965,-64.3956,-6.5,-0.637,-0.000533,
1.97,-64.395,-6.4,-0.659,0,
1.975,-64.3968,-6.5,-0.007,0.001155,
1.98,-64.3956,-6.5,-2.729,-0.000533,
1.985,-64.3956,-6.4,-1.336,-0.000533,
1.99,-64.3956,-6.4,1.238,-0.000533,
1.995,-64.3944,-6.4,-1.086,0.002133,
2,-64.395,-6.5,0.032,0,
2.005,-64.395,-6.4,0.883,0,
2.01,-64.3956,-6.4,0.324,0.000533,
2.015,-64.3962,-6.5,0.073,0.001066,
2.02,-64.3962,-6.5,0.557,-0.001066,
2.025,-64.3956,-6.5,0.146,0,
2.03,-64.3956,-6.4,0.87,0,
2.035,-64.395,-6.5,-1.728,0,
2.04,-64.3956,-6.5,0.428,0.002755,
2.045,-64.3956,-6.5,-3.515,-0.000533,
2.05,-64.3981,-6.4,0.765,0.001066,
2.055,-64.395,-6.4,-1.628,0.000533,
2.06,-64.3956,-6.4,0.276,0,
2.065,-64.3987,-6.5,0.011,-0.002222,
2.07,-64.395,-6.4,1.284,0.000533,
2.075,-64.3956,-6.5,-1.499,0,
2.08,-64.3968,-6.5,-0.233,-0.0016,
2.085,-64.3962,-6.4,1.584,0.002755,
2.09,-64.3956,-6.5,2.946,0.000533,
2.095,-64.3956,-6.4,-0.029,-0.000533,
2.1,-64.3962,-6.5,1.698,0,
2.105,-64.3974,-6.5,-0.185,-0.002133,
2.11,-64.395,-6.5,-1.881,0.000533,
2.115,-64.3974,-6.5,3.377,0,
2.12,-64.3938,-6.4,-0.213,0.001066,
2.125,-64.3962,-6.5,0.913,0.001688,
2.13,-64.3938,-6.4,-0.079,0.001066,
2.135,-64.3938,-6.4,-1.112,0.001066,
2.14,-64.3956,-6.4,-3.229,0,
2.145,-64.395,-6.5,0.613,0.0016,
2.15,-64.3956,-6.5,-2.431,-0.000533,
2.155,-64.3962,-6.5,-1.733,-0.001066,
2.16,-64.3944,-6.5,1.584,0.002133,
2.165,-64.3956,-6.4,-2.284,0.000533,
2.17,-64.3956,-6.5,-1.688,-0.000533,
2.175,-64.395,-6.5,2.059,0,
2.18,-64.3956,-6.4,0.336,-0.000533,
2.185,-64.395,-6.4,-0.925,0,
2.19,-64.3962,-6.4,-0.689,-0.000533,
2.195,-64.3956,-6.5,3.206,0.002755,
2.2,-64.3974,-6.5,1.756,-0.001066,
2.205,-64.3956,-6.5,-0.486,-0.000533,
2.21,-64.395,-6.4,1.33,0.001066,
2.215,-64.3938,-6.5,1.886,0.0016,
2.22,-64.3956,-6.5,-0.015,0.000533,
2.225,-64.3944,-6.4,-0.919,0.000533,
2.23,-64.3944,-6.5,-0.926,0.000533,
2.235,-64.3956,-6.5,0.398,0.000533,
2.24,-64.3968,-6.4,-1.075,-0.001066,
2.245,-64.3974,-6.4,-1.164,-0.0016,
2.25,-64.395,-6.5,1.163,0.000533,
2.255,-64.3968,-6.5,-0.84,-0.0016,
2.26,-64.3944,-6.5,2.041,0.0016,
2.265,-64.3938,-6.5,-0.699,0.001066,
2.27,-64.3962,-6.4,-1.314,-0.001066,
2.275,-64.395,-6.4,0.919,0.002133,
2.28,-64.3938,-6.5,-0.688,0.001066,
2.285,-64.3956,-6.4,-2.013,-0.0016,
2.29,-64.395,-6.5,-0.6,0,
2.295,-64.3938,-6.5,0.687,0.001066,
2.3,-64.395,-6.5,1.684,0,
2.305,-64.395,-6.5,-1.143,0.000533,
2.31,-64.3987,-6.5,-1.095,-0.003288,
2.315,-64.395,-6.5,-0.039,0,
2.32,-64.3956,-6.5,1.545,0,
2.325,-64.3956,-6.5,-0.984,-0.0016,
2.33,-64.3956,-6.5,0.494,0.000533,
2.335,-64.395,-6.4,0.116,-0.000533,
2.34,-64.3962,-6.5,0.272,-0.001066,
2.345,-64.395,-6.5,1.241,0.001066,
2.35,-64.3968,-6.5,0.051,-0.0016,
2.355,-64.3956,-6.4,-0.086,0,
2.36,-64.3974,-6.4,2.222,-0.0016,
2.365,-64.3974,-6.4,2.052,-0.001066,
2.37,-64.3926,-6.5,-0.532,0.002133,
2.375,-64.3907,-6.4,0.097,0.003822,
2.38,-64.395,-6.4,-1.099,0,
2.385,-64.395,-6.4,-0.97,-0.000533,
2.39,-64.3956,-6.5,-0.495,-0.000533,
2.395,-64.3938,-6.5,0.133,0.001066,
2.4,-64.3981,-6.5,-4.416,-0.004888,
2.405,-64.4158,-6.5,-0.067,-0.003288,
2.41,-64.4719,-6.6,0.399,-0.0168,
2.415,-64.6184,-6.6,-4.105,-0.036355,
2.42,-64.8772,-6.7,-4.499,-0.058044,
2.425,-65.2452,-6.9,-2.496,-0.079733,
2.43,-65.7152,-7.2,-5.601,-0.100355,
2.435,-66.2712,-7.3,-0.757,-0.115022,
2.44,-66.8852,-7.2,-1.916,-0.126933,
2.445,-67.52,-7.7,-1.382,-0.128622,
2.45,-68.1633,-8.8,-2.559,-0.131288,
2.455,-68.7926,-10.2,2.337,-0.123199,
2.46,-69.3907,-11.6,2.833,-0.116088,
2.465,-69.9468,-13,2.337,-0.108533,
2.47,-70.4411,-21.7,3.003,-0.088977,
2.475,-70.7048,-34,16.413,-0.023288,
2.48,-70.7085,-33.5,1.212,0.007022,
2.485,-70.6999,-32.2,-2.669,-0.005422,
2.49,-70.7103,-33.1,-3.118,-0.002666,
2.495,-70.7268,-34.4,2.278,0.000533,
2.5,-70.7274,-34.9,3.154,0.000533,
2.505,-70.7189,-34.7,-0.639,0.002133,
2.51,-70.7073,-33.8,3.53,0.002133,
2.515,-70.6529,-30.1,3.783,0.016266,
2.52,-70.551,-24.1,1.028,0.021155,
2.525,-70.4186,-18.4,-5.224,0.024888,
2.53,-70.2562,-14,-0.4,0.0336,
2.535,-70.0377,-12.2,1.979,0.048266,
2.54,-69.699,-11.2,2.896,0.078044,
2.545,-69.207,-10.3,5.088,0.110666,
2.55,-68.5845,-9.6,5.05,0.135022,
2.555,-67.8868,-8.7,2.823,0.142666,
2.56,-67.1593,-7.8,1.19,0.147555,
2.565,-66.4543,-7,-2.718,0.140533,
2.57,-65.8251,-6.4,-4.558,0.116622,
2.575,-65.3044,-6.3,-8.327,0.093866,
2.58,-64.9114,-6.6,-4.876,0.068355,
2.585,-64.6361,-6.7,-6.86,0.047733,
2.59,-64.4737,-6.6,-5.004,0.026044,
2.595,-64.3993,-6.5,-3.459,0.009777,
2.6,-64.3999,-6.3,5.334,0.002133,
2.605,-64.4011,-6.4,-2.253,-0.000533,
2.61,-64.4017,-6.4,-2.002,-0.002133,
2.615,-64.3993,-6.4,-3.08,-0.000533,
2.62,-64.3981,-6.4,-6.111,0.000533,
2.625,-64.4011,-6.4,-0.282,-0.000533,
2.63,-64.3968,-6.5,-2.645,0.002222,
2.635,-64.3993,-6.4,0.17,0.002133,
2.64,-64.4005,-6.4,4.909,0.002133,
2.645,-64.4005,-6.5,-3.551,-0.001066,
2.65,-64.3981,-6.4,-5.969,-0.001688,
2.655,-64.4005,-6.5,-0.844,0,
2.66,-64.3962,-6.4,-2.876,0.000533,
2.665,-64.4005,-6.5,-3.37,-0.001066,
2.67,-64.3993,-6.4,1.557,0.001066,
2.675,-64.3993,-6.4,0.856,0.001066,
2.68,-64.395,-6.4,1.498,0.004888,
2.685,-64.4005,-6.4,-1.86,-0.003288,
2.69,-64.3987,-6.4,0.513,0.001066,
2.695,-64.4011,-6.4,0.793,-0.0016,
2.7,-64.4005,-6.5,-1.501,-0.002133,
2.705,-64.3999,-6.5,1.004,0.002133,
2.71,-64.3999,-6.5,1.899,0.0016,
2.715,-64.3987,-6.4,1.815,0.001066,
2.72,-64.3981,-6.4,0.632,0.002133,
2.725,-64.3987,-6.4,-0.181,-0.001155,
2.73,-64.4011,-6.5,-4.19,-0.001066,
2.735,-64.4005,-6.4,2.228,-0.002755,
2.74,-64.3974,-6.5,-2.417,0.001688,
2.745,-64.3987,-6.4,1.624,0.0016,
2.75,-64.3981,-6.4,-2.236,0.002133,
2.755,-64.4005,-6.4,0.414,0,
2.76,-64.4011,-6.4,-3.237,-0.0016,
2.765,-64.4042,-6.4,-2.857,-0.002222,
2.77,-64.4011,-6.5,-0.248,-0.000533,
2.775,-64.4005,-6.4,2.181,0.001066,
2.78,-64.3999,-6.4,-0.072,0.000533,
2.785,-64.3999,-6.4,-1.598,0.000533,
2.79,-64.3993,-6.5,-3.842,-0.001066,
2.795,-64.4005,-6.5,-5.638,-0.003288,
2.8,-64.4005,-6.5,-4.432,0.001066,
2.805,-64.4005,-6.4,3.647,0.001066,
2.81,-64.3993,-6.5,1.171,0.004888,
2.815,-64.3981,-6.4,1.217,0.002133,
2.82,-64.3987,-6.4,0.293,0.003733,
2.825,-64.4017,-6.4,1.871,0,
2.83,-64.3993,-6.4,2.856,0.005955,
2.835,-64.4035,-6.4,4.81,-0.000533,
2.84,-64.3999,-6.5,-0.667,-0.001066,
2.845,-64.4035,-6.4,-0.715,0.000622,
2.85,-64.4005,-6.4,1.14,-0.001066,
2.855,-64.4011,-6.5,0.963,0,
2.86,-64.3968,-6.5,2.877,0.003822,
2.865,-64.3993,-6.4,-1.484,0,
2.87,-64.3981,-6.5,0.923,0.0032,
2.875,-64.4017,-6.4,0.62,-0.001066,
2.88,-64.4023,-6.4,-1.915,-0.003733,
2.885,-64.4005,-6.5,-0.697,-0.000533,
2.89,-64.3968,-6.4,-2.05,0.002755,
2.895,-64.4042,-6.5,3.931,-0.002755,
2.9,-64.3962,-6.4,4.594,0.005422,
2.905,-64.3981,-6.4,1.448,0.002133,
2.91,-64.3999,-6.5,-0.663,-0.002755,
2.915,-64.3987,-6.5,-2.237,0.000533,
2.92,-64.3999,-6.4,-2.075,-0.001066,
2.925,-64.4005,-6.4,-1.37,-0.0016,
2.93,-64.4005,-6.5,-2.274,-0.003822,
2.935,-64.3987,-6.4,1.308,0.001066,
2.94,-64.4005,-6.5,0.018,-0.000533,
2.945,-64.3987,-6.4,0.83,0.003733,
2.95,-64.3956,-6.4,2.13,0.003288,
2.955,-64.4005,-6.4,3.22,-0.000533,
2.96,-64.3962,-6.5,-0.233,0.002755,
2.965,-64.3987,-6.5,-2.038,-0.000533,
2.97,-64.3999,-6.4,-0.774,-0.003822,
2.975,-64.3956,-6.4,1.432,0.001066,
2.98,-64.3974,-6.5,2.038,0.001688,
2.985,-64.3987,-6.5,0.207,0.000533,
2.99,-64.3956,-6.5,2.228,0.004355,
2.995,-64.3962,-6.4,2.473,0.005955,
3,-64.3956,-6.5,-1.223,0.002755,
3.005,-64.3962,-6.4,2.258,0.003822,
3.01,-64.4035,-6.5,-5.197,-0.003733,
3.015,-64.4005,-6.5,-2.112,-0.002755,
3.02,-64.4005,-6.5,0.71,0.000533,
3.025,-64.4011,-6.4,-1.19,0,
3.03,-64.3981,-6.4,-0.248,0.003733,
3.035,-64.3987,-6.4,-0.113,0.001066,
3.04,-64.3981,-6.5,-1.763,0.002133,
3.045,-64.3974,-6.5,0.099,0.002222,
3.05,-64.3993,-6.4,2.57,0.002133,
3.055,-64.3993,-6.4,-0.08,0.000533,
3.06,-64.4017,-6.4,2.161,-0.000533,
3.065,-64.4035,-6.5,3.669,-0.000533,
3.07,-64.3993,-6.4,-1.969,0.000533,
3.075,-64.4005,-6.4,-0.982,0,
3.08,-64.4017,-6.5,0.59,-0.0016,
3.085,-64.3981,-6.5,-1.592,0.002666,
3.09,-64.4005,-6.5,0.957,0,
3.095,-64.3956,-6.4,1.455,0.0016,
3.1,-64.4054,-6.5,-6.186,-0.005422,
3.105,-64.4176,-6.5,-0.536,-0.003822,
3.11,-64.4719,-6.6,-2.943,-0.015199,
3.115,-64.6196,-6.7,-1.561,-0.037422,
3.12,-64.8796,-6.7,-3.742,-0.059111,
3.125,-65.2416,-6.9,1.068,-0.077066,
3.13,-65.7164,-7.2,-3.763,-0.100355,
3.135,-66.27,-7.2,-2.898,-0.118311,
3.14,-66.8816,-7.2,-3.988,-0.123733,
3.145,-67.5218,-7.8,0.588,-0.128533,
3.15,-68.1633,-9,0.241,-0.127999,
3.155,-68.7908,-10.3,0.662,-0.124266,
3.16,-69.3919,-11.7,6.894,-0.114399,
3.165,-69.9425,-13.2,0.787,-0.108533,
3.17,-70.4405,-21.8,9.202,-0.087288,
3.175,-70.703,-34.1,25.592,-0.021688,
3.18,-70.7134,-33.7,2.081,0.005955,
3.185,-70.6944,-32.2,0.512,0.003822,
3.19,-70.7097,-33.2,-5.841,-0.005955,
3.195,-70.7274,-34.5,0.702,-0.003822,
3.2,-70.7274,-35,-2.762,0.000533,
3.205,-70.7213,-34.8,-2.313,0.002133,
3.21,-70.7079,-33.8,2.507,0.0016,
3.215,-70.6542,-30.2,2.433,0.015111,
3.22,-70.5467,-24.1,-2.585,0.024977,
3.225,-70.4149,-18.4,-1.661,0.027111,
3.23,-70.2562,-14.1,1.091,0.034755,
3.235,-70.0365,-12.3,6.754,0.051022,
3.24,-69.6959,-11.3,2.81,0.078133,
3.245,-69.2101,-10.4,4.655,0.108444,
3.25,-68.5851,-9.6,4.257,0.131288,
3.255,-67.8868,-8.9,-0.264,0.144355,
3.26,-67.1623,-7.9,-1.218,0.144888,
3.265,-66.4549,-7.2,-3.692,0.138933,
3.27,-65.8232,-6.4,-5.253,0.118844,
3.275,-65.3056,-6.3,-3.53,0.0928,
3.28,-64.915,-6.6,-1.936,0.068888,
3.285,-64.6452,-6.7,-3.949,0.046133,
3.29,-64.4841,-6.6,-2.154,0.024977,
3.295,-64.4139,-6.5,-1.529,0.007111,
3.3,-64.409,-6.3,4.766,0.003288,
3.305,-64.4078,-6.4,3.084,0.003822,
3.31,-64.4066,-6.4,1.578,0.0016,
3.315,-64.406,-6.4,3.698,0.003822,
3.32,-64.4072,-6.4,-0.438,0.0016,
3.325,-64.4115,-6.4,1.392,-0.001066,
3.33,-64.4121,-6.4,-0.088,-0.002222,
3.335,-64.4078,-6.4,0.167,0.001066,
3.34,-64.409,-6.4,-1.463,-0.002133,
3.345,-64.4072,-6.4,1.982,0.0016,
3.35,-64.406,-6.4,3.118,0.002666,
3.355,-64.4078,-6.4,-0.318,-0.001066,
3.36,-64.4066,-6.5,-2.474,0,
3.365,-64.4066,-6.5,-0.093,-0.001066,
3.37,-64.4066,-6.5,2.192,-0.000533,
3.375,-64.4066,-6.4,-1.209,0,
3.38,-64.4066,-6.4,1.46,0.001066,
3.385,-64.4066,-6.5,-0.255,0,
3.39,-64.4066,-6.4,-1.788,0.000533,
3.395,-64.4066,-6.5,-0.174,0.002133,
3.4,-64.4103,-6.5,0.254,-0.001155,
3.405,-64.406,-6.4,-0.152,0.000533,
3.41,-64.409,-6.4,-0.576,0,
3.415,-64.4066,-6.5,-2.038,0.000533,
3.42,-64.406,-6.5,0.374,0.0016,
3.425,-64.406,-6.5,-3.881,0.000533,
3.43,-64.4066,-6.5,-3.725,0,
3.435,-64.406,-6.5,0.308,0.0016,
3.44,-64.406,-6.5,1.027,0.0016,
3.445,-64.4066,-6.4,-1.047,0,
3.45,-64.406,-6.4,1.608,0.002666,
3.455,-64.4078,-6.5,-0.757,-0.001066,
3.46,-64.409,-6.4,1.329,-0.001066,
3.465,-64.409,-6.5,0.177,0.000533,
3.47,-64.4066,-6.5,0.317,0.001066,
3.475,-64.4066,-6.4,2.373,0.001066,
3.48,-64.4078,-6.5,0.913,-0.001066,
3.485,-64.4066,-6.4,-1.995,-0.000533,
3.49,-64.4084,-6.5,-0.032,0.001688,
3.495,-64.409,-6.4,-2.902,0.001155,
3.5,-64.4084,-6.5,-3.449,-0.002133,
3.505,-64.4072,-6.4,-1.607,0.000533,
3.51,-64.4078,-6.4,-2.284,0.000533,
3.515,-64.4084,-6.5,1.397,-0.000533,
3.52,-64.409,-6.5,2.223,-0.001066,
3.525,-64.4084,-6.5,1.739,0.001688,
3.53,-64.4121,-6.4,-2.237,-0.002222,
3.535,-64.4121,-6.5,-1.276,-0.005422,
3.54,-64.4078,-6.4,-1.982,-0.0016,
3.545,-64.4103,-6.5,1.915,0,
3.55,-64.409,-6.4,0.057,-0.0016,
3.555,-64.4103,-6.5,-1.885,-0.003288,
3.56,-64.4084,-6.4,0.968,-0.0016,
3.565,-64.4078,-6.4,-1.144,0.002222,
3.57,-64.4096,-6.4,-0.323,-0.002666,
3.575,-64.4096,-6.4,4.41,0.000622,
3.58,-64.406,-6.4,1.35,0.001066,
3.585,-64.4121,-6.4,-1.778,-0.003822,
3.59,-64.4103,-6.4,-3.764,-0.002755,
3.595,-64.4066,-6.4,-3.791,0,
3.6,-64.4072,-6.4,-3.413,0,
3.605,-64.4066,-6.4,-0.363,-0.000533,
3.61,-64.406,-6.5,-1.057,0.000533,
3.615,-64.4066,-6.5,-0.273,0.004355,
3.62,-64.4066,-6.5,-0.391,-0.000533,
3.625,-64.406,-6.5,-2.417,0.0016,
3.63,-64.4066,-6.5,-2.066,0.001066,
3.635,-64.4072,-6.4,0.043,0.002133,
3.64,-64.406,-6.4,-3.294,0.000533,
3.645,-64.4072,-6.5,-0.943,0.000533,
3.65,-64.4078,-6.4,2.264,0.001066,
3.655,-64.4072,-6.5,1.2,0.002755,
3.66,-64.4072,-6.5,4.688,0.002755,
3.665,-64.4066,-6.4,2.351,0.003288,
3.67,-64.4072,-6.4,1.281,-0.000533,
3.675,-64.409,-6.4,-1.948,-0.002133,
3.68,-64.4084,-6.4,0.459,0,
3.685,-64.409,-6.4,-1.668,-0.001066,
3.69,-64.406,-6.4,-2.126,0,
3.695,-64.4066,-6.4,0.61,0,
3.7,-64.4066,-6.5,-0.944,0.001066,
3.705,-64.4084,-6.4,-0.311,-0.0016,
3.71,-64.4078,-6.4,0.605,0.000533,
3.715,-64.4066,-6.4,3.964,0.000533,
3.72,-64.4066,-6.5,-0.139,0.003288,
3.725,-64.4084,-6.5,0.572,0.001066,
3.73,-64.4078,-6.4,-2.312,-0.001066,
3.735,-64.4072,-6.4,-1.054,-0.000533,
3.74,-64.4078,-6.5,0.332,0.002222,
3.745,-64.406,-6.4,0.648,0.002666,
3.75,-64.4066,-6.4,0.063,0.001066,
3.755,-64.4066,-6.4,0.93,0.002133,
3.76,-64.4078,-6.4,-0.224,0,
3.765,-64.4115,-6.5,-1.123,-0.002755,
3.77,-64.4109,-6.5,2.74,-0.002222,
3.775,-64.409,-6.4,-1.572,0.002755,
3.78,-64.4121,-6.5,1.138,0,
3.785,-64.4066,-6.4,0.906,0.002133,
3.79,-64.4084,-6.5,-1.143,0.001688,
3.795,-64.4066,-6.4,3.318,0.003288,
3.8,-64.4115,-6.5,-5.822,-0.004888,
3.805,-64.4273,-6.4,-4.104,-0.005955,
3.81,-64.4774,-6.6,-0.001,-0.012444,
3.815,-64.6233,-6.7,-4.51,-0.035288,
3.82,-64.8802,-6.8,-2.398,-0.062399,
3.825,-65.2416,-7,-4.629,-0.080888,
3.83,-65.7103,-7.3,-3.017,-0.098222,
3.835,-66.2688,-7.1,-2.544,-0.117244,
3.84,-66.8834,-7.3,-2.527,-0.125333,
3.845,-67.5243,-7.9,-0.485,-0.128088,
3.85,-68.167,-9.1,-1.863,-0.129155,
3.855,-68.7926,-10.4,3.337,-0.122044,
3.86,-69.3907,-11.9,2.826,-0.114488,
3.865,-69.9443,-13.3,3.335,-0.105244,
3.87,-70.4399,-21.8,7.143,-0.090577,
3.875,-70.7048,-34.3,12.522,-0.025511,
3.88,-70.7127,-33.8,2.013,0.006044,
3.885,-70.692,-32.3,1.418,0.004355,
3.89,-70.7115,-33.2,-4.895,-0.005422,
3.895,-70.7317,-34.6,3.394,-0.003822,
3.9,-70.728,-35.1,2.663,0.002755,
3.905,-70.7182,-34.9,-0.212,0.003822,
3.91,-70.706,-33.9,2.343,0.003822,
3.915,-70.6548,-30.2,0.664,0.012444,
3.92,-70.551,-24.2,0.725,0.021155,
3.925,-70.4149,-18.5,-0.766,0.027111,
3.93,-70.2574,-14.2,-1.69,0.032533,
3.935,-70.0359,-12.4,8.047,0.055288,
3.94,-69.6953,-11.4,6.892,0.0808,
3.945,-69.2088,-10.5,8.527,0.109599,
3.95,-68.5857,-9.7,2.699,0.131288,
3.955,-67.8868,-9,0.697,0.143822,
3.96,-67.1636,-8,2.427,0.145333,
3.965,-66.4574,-7.2,-3.044,0.136177,
3.97,-65.8214,-6.5,-4.402,0.121511,
3.975,-65.302,-6.2,-5.159,0.096,
3.98,-64.9083,-6.6,-3.361,0.069955,
3.985,-64.6336,-6.7,-4.943,0.0472,
3.99,-64.4676,-6.6,-4.064,0.025511,
3.995,-64.3962,-6.5,-3.083,0.008711,
4,-64.3981,-6.2,9.445,0.002133,
4.005,-64.3999,-6.4,1.637,0.000533,
4.01,-64.3956,-6.4,4.43,0.004355,
4.015,-64.3962,-6.4,0.689,0.000533,
4.02,-64.3987,-6.4,-2.751,-0.001155,
4.025,-64.3993,-6.5,2.967,-0.000533,
4.03,-64.3956,-6.4,5.978,0.001066,
4.035,-64.3956,-6.4,0.941,0.002222,
4.04,-64.395,-6.4,1.241,0.002133,
4.045,-64.3962,-6.4,4.064,0.001066,
4.05,-64.3968,-6.4,-3.104,-0.0016,
4.055,-64.395,-6.5,-0.63,0,
4.06,-64.3956,-6.5,-3.951,-0.000533,
4.065,-64.395,-6.4,-2.127,0.001066,
4.07,-64.3956,-6.4,0.536,0,
4.075,-64.3956,-6.4,-1.324,-0.000533,
4.08,-64.3968,-6.4,0.625,0.000533,
4.085,-64.3987,-6.4,3.681,0,
4.09,-64.395,-6.4,1.121,0.001066,
4.095,-64.3956,-6.5,3.208,0.002755,
4.1,-64.3956,-6.4,3.838,0.000533,
4.105,-64.3981,-6.4,0.004,0,
4.11,-64.3956,-6.5,-1.869,-0.000533,
4.115,-64.395,-6.5,-1.81,0.001066,
4.12,-64.395,-6.5,0.362,0,
4.125,-64.3962,-6.4,-1.186,0.000533,
4.13,-64.3981,-6.4,-0.431,-0.002222,
4.135,-64.3993,-6.4,-0.176,-0.003822,
4.14,-64.3962,-6.5,1.841,0.001066,
4.145,-64.3962,-6.5,0.582,0.003288,
4.15,-64.3956,-6.5,0.606,0,
4.155,-64.3999,-6.4,-0.205,-0.003288,
4.16,-64.3968,-6.4,2.902,0.001688,
4.165,-64.3956,-6.4,0.629,0.003288,
4.17,-64.395,-6.5,-0.367,0.0016,
4.175,-64.3968,-6.5,-1.861,0,
4.18,-64.395,-6.4,1.678,0.002755,
4.185,-64.3956,-6.4,-0.423,-0.000533,
4.19,-64.395,-6.4,-1.267,0.004355,
4.195,-64.395,-6.4,0.628,0.003822,
4.2,-64.395,-6.5,-0.227,0,
4.205,-64.3956,-6.4,1.806,0.002755,
4.21,-64.3974,-6.5,-1.43,0.000622,
4.215,-64.3987,-6.4,-4.268,-0.001155,
4.22,-64.3987,-6.5,-2.412,0,
4.225,-64.3987,-6.5,0.956,-0.000533,
4.23,-64.395,-6.5,-1.952,0,
4.235,-64.3956,-6.5,0.813,0,
4.24,-64.3956,-6.5,2.856,0.0016,
4.245,-64.3962,-6.4,-2.948,-0.001066,
4.25,-64.3926,-6.5,-1.026,0.003733,
4.255,-64.395,-6.4,-0.255,0.0016,
4.26,-64.3956,-6.5,0.372,0.001066,
4.265,-64.395,-6.5,-0.676,0.003288,
4.27,-64.3968,-6.5,-7.973,-0.000533,
4.275,-64.3981,-6.4,3.558,0.0016,
4.28,-64.3974,-6.5,2.659,-0.0016,
4.285,-64.395,-6.4,-1.593,0,
4.29,-64.3974,-6.4,1.121,0.001688,
4.295,-64.395,-6.4,-0.686,0.003288,
4.3,-64.395,-6.4,-0.989,0.000533,
4.305,-64.3987,-6.5,-4.506,-0.002222,
4.31,-64.3962,-6.5,0.989,0.003822,
4.315,-64.3981,-6.5,-0.432,-0.001688,
4.32,-64.3987,-6.5,-4.443,-0.002222,
4.325,-64.3981,-6.4,-3.213,-0.002755,
4.33,-64.395,-6.4,0.166,0.003288,
4.335,-64.3981,-6.4,0.419,-0.001688,
4.34,-64.3968,-6.4,-3.163,-0.0016,
4.345,-64.3968,-6.4,-3.883,-0.0016,
4.35,-64.3962,-6.5,-0.612,0.000533,
4.355,-64.4011,-6.4,-3.267,-0.005422,
4.36,-64.3962,-6.5,-1.183,-0.001066,
4.365,-64.3962,-6.4,2.45,0.002222,
4.37,-64.3993,-6.4,1.036,-0.001688,
4.375,-64.3968,-6.4,3.027,0.001688,
4.38,-64.3962,-6.4,-1.875,-0.001066,
4.385,-64.395,-6.5,-0.289,0,
4.39,-64.395,-6.4,-2.172,0.002133,
4.395,-64.3962,-6.4,-1.746,-0.0016,
4.4,-64.395,-6.4,-0.65,0,
4.405,-64.3974,-6.4,-2.358,-0.001066,
4.41,-64.4011,-6.4,-1.842,-0.003288,
4.415,-64.395,-6.4,1.056,0.000533,
4.42,-64.395,-6.4,0.491,0.004888,
4.425,-64.395,-6.5,5.208,0.004888,
4.43,-64.3999,-6.4,-5.057,-0.002755,
4.435,-64.3956,-6.4,5.082,0.003288,
4.44,-64.3993,-6.4,-0.945,-0.001688,
4.445,-64.3962,-6.4,0.874,0.001066,
4.45,-64.3974,-6.5,-1.015,-0.0016,
4.455,-64.3968,-6.4,1.344,0.001688,
4.46,-64.395,-6.5,2.482,0.001066,
4.465,-64.395,-6.4,0.656,0.002133,
4.47,-64.3968,-6.4,-0.453,0.000533,
4.475,-64.3962,-6.5,-0.581,0,
4.48,-64.3987,-6.5,-3.155,-0.002222,
4.485,-64.395,-6.4,1.762,0.002755,
4.49,-64.3968,-6.4,3.393,0.001688,
4.495,-64.3968,-6.4,2.504,0.000533,
4.5,-64.4005,-6.5,-7.853,-0.004888,
4.505,-64.4158,-6.5,-6.081,-0.005511,
4.51,-64.4725,-6.6,-0.941,-0.016266,
4.515,-64.6178,-6.7,-7.218,-0.033688,
4.52,-64.8772,-6.8,-4.07,-0.053155,
4.525,-65.2501,-7,-2.338,-0.0792,
4.53,-65.7176,-7.3,-2.682,-0.100888,
4.535,-66.2712,-7.1,-3.797,-0.115555,
4.54,-66.8846,-7.3,-2.076,-0.124177,
4.545,-67.5231,-8,-1.38,-0.127022,
4.55,-68.1639,-9.2,-1.361,-0.127466,
4.555,-68.7914,-10.6,-2.301,-0.124266,
4.56,-69.3883,-12,1.558,-0.115555,
4.565,-69.9419,-13.5,1.741,-0.106933,
4.57,-70.4387,-21.8,7.509,-0.091111,
4.575,-70.7091,-34.3,12.493,-0.027111,
4.58,-70.7109,-33.9,3.743,0.008177,
4.585,-70.7012,-32.5,-4.346,-0.004355,
4.59,-70.7103,-33.3,-2.077,0,
4.595,-70.7292,-34.7,-2.14,-0.005422,
4.6,-70.7274,-35.1,-0.784,0.000533,
4.605,-70.7189,-34.9,-0.09,0.002133,
4.61,-70.7073,-34.1,2.181,0.0016,
4.615,-70.6554,-30.4,-2.178,0.013511,
4.62,-70.5547,-24.4,-0.726,0.018933,
4.625,-70.4179,-18.6,-0.669,0.028799,
4.63,-70.2605,-14.4,2.833,0.0336,
4.635,-70.0383,-12.5,7.593,0.053155,
4.64,-69.7008,-11.4,3.739,0.078666,
4.645,-69.2088,-10.6,7.921,0.110133,
4.65,-68.5887,-9.7,4.731,0.132977,
4.655,-67.8911,-9,3.07,0.144266,
4.66,-67.1666,-8.1,1.595,0.145422,
4.665,-66.4598,-7.3,-2.457,0.138933,
4.67,-65.8263,-6.6,-3.333,0.120444,
4.675,-65.3056,-6.2,-4.631,0.095555,
4.68,-64.9095,-6.5,-1.767,0.068355,
4.685,-64.6355,-6.7,-4.475,0.047733,
4.69,-64.4701,-6.6,-5.405,0.026044,
4.695,-64.3993,-6.4,-0.933,0.009155,
4.7,-64.3993,-6.2,4.229,0,
4.705,-64.3956,-6.4,0.658,0.004355,
4.71,-64.395,-6.4,2.873,0.003288,
4.715,-64.3993,-6.4,-3.256,-0.001066,
4.72,-64.3981,-6.5,1.445,0.0016,
4.725,-64.3956,-6.4,0.793,0.002755,
4.73,-64.3956,-6.4,-2.892,0.000533,
4.735,-64.4005,-6.4,4.244,-0.001066,
4.74,-64.3974,-6.4,1.849,0.001155,
4.745,-64.3968,-6.4,0.123,0.001688,
4.75,-64.3956,-6.5,2.589,0.002222,
4.755,-64.3974,-6.5,-3.928,-0.0016,
4.76,-64.3981,-6.5,2.682,-0.002755,
4.765,-64.3956,-6.4,2.76,0.004355,
4.77,-64.3962,-6.4,0.849,0.000533,
4.775,-64.395,-6.5,2.743,0.005422,
4.78,-64.3981,-6.4,-2.792,-0.001688,
4.785,-64.3993,-6.4,1.657,0.000533,
4.79,-64.395,-6.4,-1.117,0.002755,
4.795,-64.3987,-6.5,0.325,0,
4.8,-64.3981,-6.4,-3.457,0,
4.805,-64.3987,-6.4,-1.381,-0.000533,
4.81,-64.3968,-6.4,-0.734,0.001688,
4.815,-64.3962,-6.4,-0.769,-0.001066,
4.82,-64.3987,-6.5,0.37,0.000533,
4.825,-64.3956,-6.4,3.309,0.004355,
4.83,-64.3993,-6.4,0.041,-0.000533,
4.835,-64.3981,-6.4,-1.591,0,
4.84,-64.3956,-6.4,-0.387,0.0016,
4.845,-64.3962,-6.4,0.458,0.001688,
4.85,-64.3968,-6.5,2.457,0.001688,
4.855,-64.3962,-6.4,-0.511,0.001688,
4.86,-64.3968,-6.4,-1.023,0.000533,
4.865,-64.3981,-6.4,-0.623,-0.000622,
4.87,-64.395,-6.4,0.474,0.003288,
4.875,-64.3968,-6.4,1.184,0.003288,
4.88,-64.3974,-6.4,4.221,0.002222,
4.885,-64.395,-6.5,2.028,0.004888,
4.89,-64.3974,-6.4,1.048,-0.000533,
4.895,-64.3956,-6.4,-2.533,0.004355,
4.9,-64.3987,-6.5,-1.301,-0.003822,
4.905,-64.3956,-6.4,-1.872,-0.000533,
4.91,-64.3956,-6.4,3.938,0.002222,
4.915,-64.4005,-6.4,-3.787,-0.004888,
4.92,-64.4005,-6.5,-0.726,-0.004888,
4.925,-64.3981,-6.5,-0.913,-0.000622,
4.93,-64.3999,-6.4,2.147,0.0016,
4.935,-64.3987,-6.5,1.329,0.001066,
4.94,-64.3974,-6.5,-1.002,-0.000533,
4.945,-64.3956,-6.4,-2.991,0.000533,
4.95,-64.3993,-6.5,-3.397,-0.001688,
4.955,-64.3981,-6.5,0.043,-0.000622,
4.96,-64.4005,-6.5,2.811,-0.002133,
4.965,-64.3974,-6.4,-0.816,-0.0016,
4.97,-64.3993,-6.4,-5.318,-0.003822,
4.975,-64.3981,-6.5,4.296,0.000533,
4.98,-64.395,-6.5,2.567,0.002133,
4.985,-64.3987,-6.5,-0.78,-0.002755,
4.99,-64.3999,-6.4,-3.059,-0.003288,
4.995,-64.395,-6.4,-0.771,0.0016,
5,-64.3956,-6.5,-1.738,0.000533,
5.005,-64.3981,-6.4,-2.039,-0.002755,
5.01,-64.4023,-6.5,0.045,-0.0032,
5.015,-64.3987,-6.4,-3.372,-0.003288,
5.02,-64.4005,-6.4,-3.577,-0.005422,
5.025,-64.3993,-6.4,-0.423,-0.001688,
5.03,-64.3993,-6.4,-3.125,-0.003822,
5.035,-64.3968,-6.4,-0.697,-0.001066,
5.04,-64.3968,-6.4,0.696,0.000533,
5.045,-64.3987,-6.4,-1.701,-0.002222,
5.05,-64.3956,-6.4,0.503,0.004355,
5.055,-64.3987,-6.4,1.923,0.000533,
5.06,-64.3956,-6.4,4.023,0.003822,
5.065,-64.3962,-6.5,0.064,0.000533,
5.07,-64.4005,-6.4,1.977,-0.002755,
5.075,-64.3987,-6.4,-0.906,0.002133,
5.08,-64.3962,-6.4,1.118,0,
5.085,-64.3987,-6.5,-1.119,0.000533,
5.09,-64.3974,-6.4,-3.285,-0.000533,
5.095,-64.395,-6.5,4.267,0.005422,
5.1,-64.395,-6.5,-3.038,0.002755,
5.105,-64.3974,-6.5,-2.137,-0.000533,
5.11,-64.3999,-6.4,-1.882,-0.0016,
5.115,-64.3987,-6.4,-1.656,-0.001688,
5.12,-64.3962,-6.4,-2.815,0.002755,
5.125,-64.395,-6.5,1.921,0.002755,
5.13,-64.3956,-6.4,-0.547,0.0016,
5.135,-64.3981,-6.4,-5.837,-0.002222,
5.14,-64.3974,-6.4,1.59,0.002222,
5.145,-64.3956,-6.5,0.152,0.004888,
5.15,-64.3981,-6.5,2.557,0.002666,
5.155,-64.3968,-6.5,4.05,0.002755,
5.16,-64.3987,-6.5,1.645,0.0016,
5.165,-64.3974,-6.5,-1.525,0.000622,
5.17,-64.3993,-6.4,-0.661,-0.001066,
5.175,-64.3956,-6.4,0.004,0.002755,
5.18,-64.3999,-6.5,3.044,-0.001066,
5.185,-64.3999,-6.5,-0.362,-0.002755,
5.19,-64.3962,-6.5,2.179,0.002222,
5.195,-64.3968,-6.5,-0.397,-0.0016,
5.2,-64.395,-6.5,-1.839,0.0016,
5.205,-64.3968,-6.5,1.532,0.001155,
5.21,-64.3944,-6.4,3.805,0.004355,
5.215,-64.3956,-6.4,-5.517,-0.001066,
5.22,-64.3907,-6.4,2.414,0.005422,
5.225,-64.3907,-6.4,-0.115,0.002222,
5.23,-64.3846,-6.4,4.959,0.001688,
5.235,-64.3755,-6.4,-2.621,0.001066,
5.24,-64.3346,-6.4,2.202,0.008622,
5.245,-64.254,-6.4,0.091,0.019555,
5.25,-64.1582,-6.4,1.914,0.020088,
5.255,-64.0502,-6.4,-2.322,0.020533,
5.26,-63.9372,-6.4,-0.127,0.022311,
5.265,-63.8371,-6.4,-2.692,0.016266,
5.27,-63.7346,-6.4,2.663,0.023288,
5.275,-63.6516,-6.4,-2.199,0.013599,
5.28,-63.5552,-6.3,-1.112,0.019466,
5.285,-63.4551,-6.3,-8.088,0.018933,
5.29,-63.3385,-6.3,2.241,0.026044,
5.295,-63.2121,-6.4,-3.585,0.021777,
5.3,-63.0632,-6.4,1.109,0.029866,
5.305,-62.8984,-6.3,-4.435,0.031466,
5.31,-62.7165,-6.3,4.748,0.040177,
5.315,-62.5292,-6.4,-2.525,0.037955,
5.32,-62.3326,-6.3,1.28,0.039644,
5.325,-62.1379,-6.4,-4.512,0.034755,
5.33,-61.9365,-6.3,3.645,0.041777,
5.335,-61.7455,-6.3,-0.589,0.040088,
5.34,-61.5428,-6.3,5.298,0.048266,
5.345,-61.3451,-6.2,-1.296,0.040088,
5.35,-61.1284,-6.2,7.516,0.044444,
5.355,-60.9026,-6.3,-1.017,0.044444,
5.36,-60.6603,-6.2,1.926,0.049866,
5.365,-60.4186,-6.2,-1.62,0.048266,
5.37,-60.1634,-6.2,0.818,0.054311,
5.375,-59.9083,-6.2,-1.99,0.049955,
5.38,-59.6398,-6.2,1.088,0.055822,
5.385,-59.3669,-6.2,-2.361,0.052622,
5.39,-59.0874,-6.1,5.326,0.058577,
5.395,-58.8023,-6.1,-1.912,0.055377,
5.4,-58.5088,-6.1,0.785,0.060177,
5.405,-58.206,-6.2,-0.204,0.060266,
5.41,-57.899,-6.2,1.786,0.061866,
5.415,-57.581,-6.1,1.025,0.066222,
5.42,-57.263,-6.1,2.011,0.063555,
5.425,-56.9341,-6.1,-3.868,0.066133,
5.43,-56.5996,-6.1,1.305,0.069955,
5.435,-56.2517,-6.1,0.131,0.070488,
5.44,-55.8959,-6.1,-0.41,0.070488,
5.445,-55.537,-6.1,-1.16,0.072711,
5.45,-55.1695,-6.1,-2.174,0.076533,
5.455,-54.7972,-6.1,-1.928,0.070577,
5.46,-54.4115,-6,-0.221,0.075377,
5.465,-54.0239,-6,-1.509,0.076,
5.47,-53.6205,-6,3.281,0.084622,
5.475,-53.2115,-6,-0.061,0.083555,
5.48,-52.7922,-6,0.148,0.085777,
5.485,-52.3784,-6,-8.161,0.079733,
5.49,-51.9481,-6,2.404,0.086844,
5.495,-51.5221,-6,-4.906,0.086755,
5.5,-51.1107,-6,2.319,0.0808,
5.505,-50.6896,-6,1.18,0.0792,
5.51,-50.2544,-6,-1.718,0.086755,
5.515,-49.818,-6,-3.522,0.085688,
5.52,-49.3822,-5.9,0.526,0.086222,
5.525,-48.9348,-5.9,-2.147,0.088977,
5.53,-48.485,-5.9,1.002,0.088444,
5.535,-48.0296,-5.9,-3.065,0.090133,
5.54,-47.5707,-5.9,2.625,0.092177,
5.545,-47.1062,-5.9,1.496,0.092177,
5.55,-46.6338,-5.9,-0.08,0.094933,
5.555,-46.1626,-5.9,-1.233,0.092177,
5.56,-45.6896,-5.9,-0.201,0.0944,
5.565,-45.219,-5.9,2.106,0.093333,
5.57,-44.7435,-5.8,0.425,0.0944,
5.575,-44.2638,-5.9,-3.485,0.096,
5.58,-43.7773,-5.9,0.375,0.100888,
5.585,-43.2945,-5.9,0.434,0.093333,
5.59,-42.8038,-5.9,-0.488,0.097688,
5.595,-42.3161,-5.9,-3.648,0.098222,
5.6,-41.8291,-5.8,-1.611,0.099822,
5.605,-41.3536,-5.8,-2.12,0.0928,
5.61,-40.8678,-5.8,0.557,0.096533,
5.615,-40.3795,-5.9,-1.11,0.097155,
5.62,-39.8967,-5.8,-2.614,0.0928,
5.625,-39.4035,-5.8,-1.774,0.097155,
5.63,-38.9067,-5.8,0.693,0.100355,
5.635,-38.4038,-5.8,-1.892,0.103111,
5.64,-37.896,-5.8,0.513,0.102488,
5.645,-37.379,-5.8,0.292,0.105244,
5.65,-36.8614,-5.8,1.845,0.107999,
5.655,-36.3432,-5.9,-0.832,0.103111,
5.66,-35.8196,-5.8,-0.592,0.106311,
5.665,-35.294,-5.8,0.331,0.105333,
5.67,-34.76,-5.8,2.424,0.110133,
5.675,-34.2333,-5.9,2.756,0.106844,
5.68,-33.7084,-5.8,0.133,0.103555,
5.685,-33.1719,-5.8,1.054,0.111199,
5.69,-32.6445,-5.9,3.299,0.107466,
5.695,-32.119,-5.9,1.464,0.106311,
5.7,-31.5935,-5.9,-3.882,0.104177,
5.705,-31.0741,-5.9,0.397,0.104711,
5.71,-30.5644,-5.8,2.166,0.101511,
5.715,-30.0523,-5.8,-3.166,0.102577,
5.72,-29.5409,-5.9,-2.716,0.099822,
5.725,-29.019,-5.9,1.632,0.104711,
5.73,-28.4996,-5.9,-0.624,0.103111,
5.735,-27.9796,-5.9,-2.039,0.103644,
5.74,-27.4584,-5.9,-0.456,0.104088,
5.745,-26.9383,-5.9,3.152,0.104711,
5.75,-26.4244,-5.9,1.788,0.104177,
5.755,-25.9117,-5.9,3.16,0.103644,
5.76,-25.4057,-5.9,-2.249,0.100444,
5.765,-24.9095,-5.9,-1.486,0.099288,
5.77,-24.4176,-5.9,4.19,0.097066,
5.775,-23.9287,-5.9,3.088,0.100355,
5.78,-23.4471,-5.9,-1.901,0.096088,
5.785,-22.9631,-5.9,3.354,0.094933,
5.79,-22.4797,-5.9,0.098,0.096,
5.795,-22.0036,-5.9,-1.288,0.095022,
5.8,-21.5312,-6,-1.139,0.094933,
5.805,-21.0649,-5.9,-0.984,0.090666,
5.81,-20.5992,-5.8,2.167,0.092266,
5.815,-20.1378,-5.8,0.481,0.090044,
5.82,-19.6703,-5.9,-0.938,0.092177,
5.825,-19.2064,-5.9,-2.195,0.088977,
5.83,-18.7438,-5.9,0.891,0.093777,
5.835,-18.2878,-5.9,1.473,0.0928,
5.84,-17.8337,-5.9,-0.298,0.089511,
5.845,-17.3729,-5.9,0.741,0.093866,
